"nodecount","socket_tcp","mpi_infini","mpi_tcp"
1,0.595,3.60166666666667,3.595
2,0.690833333333333,3.58333333333333,3.31916666666667
3,0.817222222222222,-1,1.03666666666667
4,0.872916666666667,0.77625,1.22083333333333
5,0.800666666666667,-1,0.753333333333333
6,0.8975,-1,1.49888888888889
7,0.898571428571429,1.4,1.3652380952381
8,1.19958333333333,1.97791666666667,1.634375
9,1.21944444444444,-1,-1
10,1.124,1.14566666666667,-1
